jobUrl,jobId,companyName,jobTitle,logoUrl,scrapedLocation,location,workplaceType,insights,postDate,isEasyApply,isPromoted,applicantCount,url,query,category,timestamp,isRemote,Year,Salary,Employees
https://www.linkedin.com/jobs/view/3633746019/,3633746019,Radiant Vision Systems,Software Quality Engineer,https://media.licdn.com/dms/image/C4D0BAQFPjAHSS2G3_w/company-logo_100_100/0/1617132979743?e=1695254400&v=beta&t=tYAeiSpm4PUUR-c6JEHOO1GxSp1H-7rdRsXgzxCGBUU,"Redmond, WA (Hybrid)","Redmond, WA",Hybrid,Actively recruiting,,false,true,0,https://www.linkedin.com/jobs/view/3633746019/,Junior software developer,Jobs,2023-06-21T00:59:45.759Z,,30 years and,,
https://www.linkedin.com/jobs/view/3617676485/,3617676485,i4DM-Pivotal IT Services JV,Dynamics Developer,,United States (Remote),United States,Remote,,,true,true,0,https://www.linkedin.com/jobs/view/3617676485/,Junior software developer,Jobs,2023-06-21T00:59:45.759Z,true,module7+ years' experience // 5+ years in,,
https://www.linkedin.com/jobs/view/3641201183/,3641201183,Caterpillar Inc.,Software Engineer (Cat Digital),https://media.licdn.com/dms/image/D560BAQG5bofxzT4nIw/company-logo_100_100/0/1666113238369?e=1695254400&v=beta&t=0gYjvkwb9AWtD6WXIaKHDRJYWJA3WSrOq5hWdHWVw74,"Chicago, IL (Hybrid)","Chicago, IL",Hybrid,15 school alumni work here,,false,true,0,https://www.linkedin.com/jobs/view/3641201183/,Junior software developer,Jobs,2023-06-21T00:59:45.759Z,,,  Salary ,
https://www.linkedin.com/jobs/view/3640012497/,3640012497,H-E-B,"Systems Developer I - San Antonio, TX",https://media.licdn.com/dms/image/C560BAQGIrljxfWRNtQ/company-logo_100_100/0/1660516154233?e=1695254400&v=beta&t=tCqH0w0blOmfpO1iBQODaMgJQUCJhjWK-OeNDGoreDo,"San Antonio, TX (On-site)","San Antonio, TX",On-site,Actively recruiting,,false,true,0,https://www.linkedin.com/jobs/view/3640012497/,Junior software developer,Jobs,2023-06-21T00:59:45.759Z,,,,
https://www.linkedin.com/jobs/view/3640213538/,3640213538,Aisera,Junior Software Engineer - UI,https://media.licdn.com/dms/image/C4D0BAQHJJwjKxPfLDg/company-logo_100_100/0/1554439093517?e=1695254400&v=beta&t=QsR-tDmJjkKxpKBbFQp9FSzWMFd6iuqZMM-cFN6QdpA,"Palo Alto, CA (Hybrid)","Palo Alto, CA",Hybrid,Actively recruiting,2023-06-20,false,false,0,https://www.linkedin.com/jobs/view/3640213538/,Junior software developer,Jobs,2023-06-21T00:59:45.760Z,,2-4 years of,,our employees a lot
https://www.linkedin.com/jobs/view/3636577632/,3636577632,Kunai,DevOps Engineer,https://media.licdn.com/dms/image/D560BAQFEurZjiuSTew/company-logo_100_100/0/1681472198487?e=1695254400&v=beta&t=YAnAkXuenlf0MEaMPWfkBJCYUYwtnkWq7elMuoBDxYk,"McLean, VA (Remote)","McLean, VA",Remote,Actively recruiting,,false,true,0,https://www.linkedin.com/jobs/view/3636577632/,Junior software developer,Jobs,2023-06-21T00:59:45.760Z,true,Requirements5+ years of // language)2+ years of // platforms1+ years of // autoscaling1+ years of // OpenShift1+ years of // deployments1+ years of,,
https://www.linkedin.com/jobs/view/3176009526/,3176009526,Whatnot,"Staff Software Engineer, Payments & Logistics",https://media.licdn.com/dms/image/C560BAQEbfBSou9pFuQ/company-logo_100_100/0/1657123397551?e=1695254400&v=beta&t=otmI9rM7fN6rJSe_jLojNIc6CE7AkynBOXIbnTfHyy8,United States (Remote),United States,Remote,Actively recruiting,,false,true,0,https://www.linkedin.com/jobs/view/3176009526/,Junior software developer,Jobs,2023-06-21T00:59:45.760Z,true,two years and // 10+ years of,base salary and // base salary üíõ,for employees and
https://www.linkedin.com/jobs/view/3637776137/,3637776137,Nisum,UX Engineer - G4938,https://media.licdn.com/dms/image/C560BAQGdgmwsN1CnNg/company-logo_100_100/0/1640202835547?e=1695254400&v=beta&t=N_pznUA2jSfSOjg0igFAYAiia3GZs1LHG9tIECm5pU4,Latin America (Remote),Latin America,Remote,Actively recruiting,,false,true,0,https://www.linkedin.com/jobs/view/3637776137/,Junior software developer,Jobs,2023-06-21T00:59:45.760Z,true,,,
https://www.linkedin.com/jobs/view/3641078806/,3641078806,Cisco,Software Engineer,https://media.licdn.com/dms/image/D560BAQG9CsRcDtJLqQ/company-logo_100_100/0/1685589692796?e=1695254400&v=beta&t=XzpJeo_7Dw7QZ0OckBwutHjkpq3SojcQT-LEAxBaM30,"Raleigh, NC",,,1 connection works here,,false,true,0,https://www.linkedin.com/jobs/view/3641078806/,Junior software developer,Jobs,2023-06-21T00:59:45.760Z,,,  Salary ,
https://www.linkedin.com/jobs/view/3603875220/,3603875220,Cribl,Staff Software Engineer - Windows Platform,https://media.licdn.com/dms/image/C560BAQHj6YN2B-eLiQ/company-logo_100_100/0/1660592640637?e=1695254400&v=beta&t=8lsVyRasRYrOUwNXxv9eCTxrnNGzjcW5nO97mOc5D6U,United States (Remote),United States,Remote,Actively recruiting,,false,true,0,https://www.linkedin.com/jobs/view/3603875220/,Junior software developer,Jobs,2023-06-21T00:59:45.760Z,true,it8+ years of,"$243,200)The salary for // The salary offered // competitive salary, Cribl",
https://www.linkedin.com/jobs/view/3636582317/,3636582317,Bank of America,Software Engineer I,https://media.licdn.com/dms/image/C4D0BAQEL1rI2h3XGxg/company-logo_100_100/0/1676325270658?e=1695254400&v=beta&t=0ycbGLHbRz_2-g8TduCTD1z6oVYzwxIwdqjhBLaI3Gs,"New York, NY",,,9 school alumni work here,2023-06-20,false,false,0,https://www.linkedin.com/jobs/view/3636582317/,Junior software developer,Jobs,2023-06-21T00:59:45.760Z,,,  Salary ,
https://www.linkedin.com/jobs/view/3618284912/,3618284912,SwiftWIN | A Concord Company,SFCC Developer,https://media.licdn.com/dms/image/C4E0BAQG4VR4JJrGBrQ/company-logo_100_100/0/1519889304001?e=1695254400&v=beta&t=BZd48juokrfuC4GFQlQXJCbcJT3ckHWQVDfaT0qeepY,United States (Remote),United States,Remote,Actively recruiting,,true,true,0,https://www.linkedin.com/jobs/view/3618284912/,Junior software developer,Jobs,2023-06-21T00:59:45.760Z,true,experienceRelevant years of,,
https://www.linkedin.com/jobs/view/3640608168/,3640608168,CGI,ERP Applications Engineer,https://media.licdn.com/dms/image/C4E0BAQErzXWSFkn9tQ/company-logo_100_100/0/1663664110409?e=1695254400&v=beta&t=BYWOkvc-DHNdR-ruheaoVaOiMl8m0oYzwHwPT6A4eBQ,"Lafayette, LA",,,Actively recruiting,,true,true,0,https://www.linkedin.com/jobs/view/3640608168/,Junior software developer,Jobs,2023-06-21T00:59:45.760Z,,,,"our employees ‚Äúmembers‚Äù // against employees or // However, employees who // other employees or // other employees or"
https://www.linkedin.com/jobs/view/3619556502/,3619556502,"Yoh, A Day & Zimmermann Company",Full Stack Engineer,https://media.licdn.com/dms/image/C4D0BAQHgijMFuZbeIg/company-logo_100_100/0/1519856421222?e=1695254400&v=beta&t=Fvnd1cOjSnxERIPhuglMh9dpDzdawlFR8jmnqdV8aL4,"Piscataway, NJ (Hybrid)","Piscataway, NJ",Hybrid,Your profile matches this job,,true,true,0,https://www.linkedin.com/jobs/view/3619556502/,Junior software developer,Jobs,2023-06-21T00:59:45.760Z,,three years of,,
https://www.linkedin.com/jobs/view/3637349988/,3637349988,ONE,"Site Reliability Engineer, Application",https://media.licdn.com/dms/image/C560BAQHxDKMx_ZO6jg/company-logo_100_100/0/1675874193019?e=1695254400&v=beta&t=SFzaKwInHXYxWfRicdf0F_twpBGei284J3kHsw3coBc,United States (Remote),United States,Remote,,,false,true,0,https://www.linkedin.com/jobs/view/3637349988/,Junior software developer,Jobs,2023-06-21T00:59:45.760Z,true,bring2+ years of,base salary for,Talent‚Äù). Employees are
https://www.linkedin.com/jobs/view/3636569557/,3636569557,Regions Bank,Software Engineer (REMOTE OPPORTUNITY),https://media.licdn.com/dms/image/C560BAQGydPr4THkACw/company-logo_100_100/0/1519856403193?e=1695254400&v=beta&t=QFcgNh9X35IpIWddiUHeKVfxj74SDP-ObhMnuu5mpKs,"Denver, CO (Remote)","Denver, CO",Remote,Your profile matches this job,,false,true,0,https://www.linkedin.com/jobs/view/3636569557/,Junior software developer,Jobs,2023-06-21T00:59:45.760Z,true,,  Salary ,
https://www.linkedin.com/jobs/view/3641029591/,3641029591,Groundswell,Associate Software Engineer,https://media.licdn.com/dms/image/C560BAQGL5Xewoje8xA/company-logo_100_100/0/1657577795636?e=1695254400&v=beta&t=9FNudefiX4LRodDC1OUK1k71_YviFxBA1lJHQjy4FFk,"Pennsylvania, United States (Remote)","Pennsylvania, United States",Remote,,2023-06-02,false,false,11,https://www.linkedin.com/jobs/view/3641029591/,Junior software developer,Jobs,2023-06-21T00:59:45.760Z,true,,  Salary ,
https://www.linkedin.com/jobs/view/3632901619/,3632901619,INSPYR Solutions,Data Engineer,https://media.licdn.com/dms/image/C560BAQF-T2qSDRWGpQ/company-logo_100_100/0/1659991953388?e=1695254400&v=beta&t=6CPvad61sqLS2VlucIxwDOWcL51RiKwhW59NxBDrRbc,"Clearwater, FL (On-site)","Clearwater, FL",On-site,Actively recruiting,,true,true,0,https://www.linkedin.com/jobs/view/3632901619/,Junior software developer,Jobs,2023-06-21T00:59:45.760Z,,(2) years' experience,Onsite Salary: 90k,all employees and
https://www.linkedin.com/jobs/view/3620755424/,3620755424,Ocean Insight,Firmware Engineer,https://media.licdn.com/dms/image/D4E0BAQEZPiMPB8yALg/company-logo_100_100/0/1685625651227?e=1695254400&v=beta&t=bC4zS875QGb82P93TUUSrEcaRsbXmOs57VisjW4fffw,"Orlando, FL (On-site)","Orlando, FL",On-site,Actively recruiting,,false,true,0,https://www.linkedin.com/jobs/view/3620755424/,Junior software developer,Jobs,2023-06-21T00:59:45.760Z,,5+ years of,,our employees enjoy
https://www.linkedin.com/jobs/view/3605728647/,3605728647,Conversica,UI Lead - Senior Software Engineer,https://media.licdn.com/dms/image/C560BAQHry6JEez6etA/company-logo_100_100/0/1668445732480?e=1695254400&v=beta&t=w8HANartozAT2X3lE3GS78o0d9Q2iVgT4qEpEx0CfKU,United States (Remote),United States,Remote,,,false,true,0,https://www.linkedin.com/jobs/view/3605728647/,Junior software developer,Jobs,2023-06-21T00:59:45.760Z,true,field7+ years professional,,
https://www.linkedin.com/jobs/view/3609344140/,3609344140,MongoDB,"Senior Mulesoft Developer, Integrations Experience Team",https://media.licdn.com/dms/image/C4D0BAQFKe8PwqzyHyA/company-logo_100_100/0/1635171226731?e=1695254400&v=beta&t=w0IF9m9tL5SjbxKHJ9osYeePnEnqprJjZ7wZDc6JQC8,United States (Remote),United States,Remote,5 school alumni work here,,true,true,0,https://www.linkedin.com/jobs/view/3609344140/,Junior software developer,Jobs,2023-06-21T00:59:45.760Z,true,20 years. Join // Candidate:6+ years of,,all employees and
https://www.linkedin.com/jobs/view/3622800398/,3622800398,Human Interest,"Staff Software Engineer, Cloud Platform",https://media.licdn.com/dms/image/C560BAQFvUkUrv6hjBw/company-logo_100_100/0/1625158349165?e=1695254400&v=beta&t=ZqUbEsbE1lnXesMxH6zcOyn-tm6X1a3F_xqKYykg4to,United States (Remote),United States,Remote,1 school alum works here,,false,true,0,https://www.linkedin.com/jobs/view/3622800398/,Junior software developer,Jobs,2023-06-21T00:59:45.760Z,true,10 years of // Azure.3+ years experience,The salary range,offer employees a path // helps employees make // for Employees and // Interest employees must
https://www.linkedin.com/jobs/view/3641030545/,3641030545,Groundswell,Associate Software Engineer,https://media.licdn.com/dms/image/C560BAQGL5Xewoje8xA/company-logo_100_100/0/1657577795636?e=1695254400&v=beta&t=9FNudefiX4LRodDC1OUK1k71_YviFxBA1lJHQjy4FFk,"New Jersey, United States (Remote)","New Jersey, United States",Remote,,2023-06-02,false,false,15,https://www.linkedin.com/jobs/view/3641030545/,Junior software developer,Jobs,2023-06-21T00:59:45.760Z,true,,  Salary ,
https://www.linkedin.com/jobs/view/3624254003/,3624254003,StrongDM,Senior Software Test Engineer,https://media.licdn.com/dms/image/C4E0BAQEbPZOdOl8xxg/company-logo_100_100/0/1620051800411?e=1695254400&v=beta&t=bbvl15boUEPpBWL3gBEYgUt69kAMi-Pk4dNfY3nAcrM,United States (Remote),United States,Remote,,,false,true,0,https://www.linkedin.com/jobs/view/3624254003/,Junior software developer,Jobs,2023-06-21T00:59:45.760Z,true,implementationREQUIREMENTS:5+ years of,,"colleagues, employees and // to employees and"
https://www.linkedin.com/jobs/view/3516819405/,3516819405,E Source,Software Engineer II - REMOTE,https://media.licdn.com/dms/image/C560BAQFe8prbUOXKNA/company-logo_100_100/0/1601524124803?e=1695254400&v=beta&t=8tZ7gyBevBTpOAXRdQd6u9R-XSbMnlvW5E7nUCwLMuw,United States (Remote),United States,Remote,Your profile matches this job,,false,true,0,https://www.linkedin.com/jobs/view/3516819405/,Junior software developer,Jobs,2023-06-21T00:59:45.760Z,true,30 years. We‚Äôre // 2 years experience,budgeted salary for // (includes salary +,Source employees can
https://www.linkedin.com/jobs/view/3632440502/,3632440502,Obligo,Growth Hacker,https://media.licdn.com/dms/image/D560BAQE550M1FVnCJw/company-logo_100_100/0/1685716191488?e=1695254400&v=beta&t=dUuvCac3ggvw2E8oNF1Rzbi99ms_JlohpGYBJqgDgAQ,"New York, NY (Hybrid)","New York, NY",Hybrid,Your profile matches this job,,false,true,0,https://www.linkedin.com/jobs/view/3632440502/,Junior software developer,Jobs,2023-06-21T00:59:52.710Z,,Qualifications:¬†3+ years of,laws.Base Salary Range:,all employees and
https://www.linkedin.com/jobs/view/3622520556/,3622520556,"HireStarter, Inc.",Junior Software Engineer,https://media.licdn.com/dms/image/C4D0BAQGj4pj0D2InrA/company-logo_100_100/0/1519887076328?e=1695254400&v=beta&t=spM54T1hX_6RyLa8EgIUgpv7f4dXnkYBqt04f1qvEPE,"Austin, Texas Metropolitan Area (On-site)","Austin, Texas Metropolitan Area",On-site,Actively recruiting,,true,true,0,https://www.linkedin.com/jobs/view/3622520556/,Junior software developer,Jobs,2023-06-21T00:59:52.710Z,,must-have1+ years of,,
https://www.linkedin.com/jobs/view/3637371626/,3637371626,Meta,"Software Engineer, Front End-Monetization",https://media.licdn.com/dms/image/C4E0BAQFdNatYGiBelg/company-logo_100_100/0/1636138753911?e=1695254400&v=beta&t=PFDGXIEs8M_wNz9DivW7v-VciO_wmceTCTZgZcxDD7c,"Seattle, WA",,,1 connection works here,,false,true,0,https://www.linkedin.com/jobs/view/3637371626/,Junior software developer,Jobs,2023-06-21T00:59:52.710Z,,Qualifications:5+ years of // ES65+ years of // accessibility5+ years experience,,and Employees by
https://www.linkedin.com/jobs/view/3641030544/,3641030544,Groundswell,Associate Software Engineer,https://media.licdn.com/dms/image/C560BAQGL5Xewoje8xA/company-logo_100_100/0/1657577795636?e=1695254400&v=beta&t=9FNudefiX4LRodDC1OUK1k71_YviFxBA1lJHQjy4FFk,"New York, United States (Remote)","New York, United States",Remote,,2023-06-02,false,false,0,https://www.linkedin.com/jobs/view/3641030544/,Junior software developer,Jobs,2023-06-21T00:59:52.710Z,true,,  Salary ,
https://www.linkedin.com/jobs/view/3632311929/,3632311929,"Car Capital Technologies, Inc.",Senior .NET Developer,https://media.licdn.com/dms/image/C560BAQFtJSSKuPLXXg/company-logo_100_100/0/1611078458516?e=1695254400&v=beta&t=DZ6oAWK8TRe5P9BLef_1pk4RV_iqUCBQiMh1kdRlmTA,"Dallas, TX (On-site)","Dallas, TX",On-site,Actively recruiting,,true,true,0,https://www.linkedin.com/jobs/view/3632311929/,Junior software developer,Jobs,2023-06-21T00:59:52.710Z,,10 years of // 10 years of,  Salary ,
https://www.linkedin.com/jobs/view/3635507709/,3635507709,IV Interactive,Junior Full Stack Web Developer,https://media.licdn.com/dms/image/C4E0BAQGUZgm6Q7h7HQ/company-logo_100_100/0/1519904888612?e=1695254400&v=beta&t=RJNgA012i48emJoM3rfm4pZgjvgATJfZGX8pUHjHv-o,"Jersey City, NJ (Remote)","Jersey City, NJ",Remote,Your profile matches this job,,false,true,0,https://www.linkedin.com/jobs/view/3635507709/,Junior software developer,Jobs,2023-06-21T00:59:52.710Z,true,systems1+ years practical,,
https://www.linkedin.com/jobs/view/3636906180/,3636906180,iotaMotion,Senior Embedded Systems Engineer,https://media.licdn.com/dms/image/C560BAQFKk1EjLpCrNg/company-logo_100_100/0/1679583601290?e=1695254400&v=beta&t=t5LJ1F0HaETMCz4mGggFIW8leB5ocmRA4X622ZvenyA,"Pittsburgh, PA (On-site)","Pittsburgh, PA",On-site,Actively recruiting,,true,true,0,https://www.linkedin.com/jobs/view/3636906180/,Junior software developer,Jobs,2023-06-21T00:59:52.710Z,,5 years of,,
https://www.linkedin.com/jobs/view/3619504145/,3619504145,Comrise,Junior Software Engineer,https://media.licdn.com/dms/image/D4E0BAQGCkgMBCVWdrA/company-logo_100_100/0/1685644108819?e=1695254400&v=beta&t=TXnJpGjOaZ92Idi-NtmMTVXALiMWt_4WK2s5PABKD0E,"Warren, NJ (On-site)","Warren, NJ",On-site,Actively recruiting,,true,true,0,https://www.linkedin.com/jobs/view/3619504145/,Junior software developer,Jobs,2023-06-21T00:59:52.710Z,,experience.2 years of // management.2+ years of,,
https://www.linkedin.com/jobs/view/3628027590/,3628027590,Peraton,"Junior Software Engineer- King George, VA",https://media.licdn.com/dms/image/C4D0BAQFGuMwJFeN1eQ/company-logo_100_100/0/1641481571511?e=1695254400&v=beta&t=UIcgxTIqqvsDwqQ3bzYRGEBNjAzykSezHC-OUb4o4yI,"King George, VA",,,Your profile matches this job,,false,true,0,https://www.linkedin.com/jobs/view/3628027590/,Junior software developer,Jobs,2023-06-21T00:59:52.710Z,,0-2 years of,"customers.Target Salary Range$51,000 // typical salary range",our employees do
https://www.linkedin.com/jobs/view/3641031547/,3641031547,Groundswell,Associate Software Engineer,https://media.licdn.com/dms/image/C560BAQGL5Xewoje8xA/company-logo_100_100/0/1657577795636?e=1695254400&v=beta&t=9FNudefiX4LRodDC1OUK1k71_YviFxBA1lJHQjy4FFk,"Alaska, United States (Remote)","Alaska, United States",Remote,,2023-06-02,false,false,4,https://www.linkedin.com/jobs/view/3641031547/,Junior software developer,Jobs,2023-06-21T00:59:52.710Z,true,DEAD LINK,DEAD LINK,DEAD LINK
https://www.linkedin.com/jobs/view/3621597631/,3621597631,System Soft Technologies,Jr. Software Developer,https://media.licdn.com/dms/image/C4D0BAQHaBhpoOlVj1g/company-logo_100_100/0/1625111297004?e=1695254400&v=beta&t=_kDa66GuxIR1h3k0BIxhqWswCRsBpquh3jXIMcCU0ns,Raleigh-Durham-Chapel Hill Area (Hybrid),Raleigh-Durham-Chapel Hill Area,Hybrid,Actively recruiting,,true,true,0,https://www.linkedin.com/jobs/view/3621597631/,Junior software developer,Jobs,2023-06-21T00:59:52.710Z,,,,
https://www.linkedin.com/jobs/view/3634733925/,3634733925,Intel Corporation,Full Stack Developer Intern,https://media.licdn.com/dms/image/C560BAQGpvWtEtj9oTQ/company-logo_100_100/0/1625151708870?e=1695254400&v=beta&t=Mvo3ltyb4d0gYjJgC494lpnTDtlgJjkciuJj2Ftql5M,"Arizona, United States",,,41 school alumni work here,,false,true,0,https://www.linkedin.com/jobs/view/3634733925/,Junior software developer,Jobs,2023-06-21T00:59:52.710Z,,,  Salary ,
https://www.linkedin.com/jobs/view/3634208153/,3634208153,"Smart Solutions, Inc.",.Net Developer,https://media.licdn.com/dms/image/C4E0BAQEuSEZRwYU7zQ/company-logo_100_100/0/1593627664178?e=1695254400&v=beta&t=RLP8tkzytJjPnek-OxLPdPAIWVtgfynBHzxyOs3g8KE,"Janesville, WI (On-site)","Janesville, WI",On-site,Actively recruiting,,true,true,0,https://www.linkedin.com/jobs/view/3634208153/,Junior software developer,Jobs,2023-06-21T00:59:52.710Z,,,,
https://www.linkedin.com/jobs/view/3635070471/,3635070471,Kratos Defense and Security Solutions,JR SOFTWARE DEVELOPMENT ENGINEER,https://media.licdn.com/dms/image/C4E0BAQEnWo1_nYQ5UA/company-logo_100_100/0/1589389497540?e=1695254400&v=beta&t=xj_-fu7931TjKldRLBgntgoOWDQ5T4wvrXYSyFCbgHw,"Colorado Springs, CO (Hybrid)","Colorado Springs, CO",Hybrid,,,false,true,0,https://www.linkedin.com/jobs/view/3635070471/,Junior software developer,Jobs,2023-06-21T00:59:52.711Z,,,practicesCompetitive salary based,against employees or
https://www.linkedin.com/jobs/view/3636337343/,3636337343,"ALINED Consulting Group, LLC",Mainframe Programmer,https://media.licdn.com/dms/image/C4E0BAQENIahm3VlRyQ/company-logo_100_100/0/1625594559261?e=1695254400&v=beta&t=UmAt7T1opqmx5CYdjsKkTaeAr1bN_-b2pAFXBasOBec,"Austin, Texas Metropolitan Area (Hybrid)","Austin, Texas Metropolitan Area",Hybrid,Your profile matches this job,,true,true,0,https://www.linkedin.com/jobs/view/3636337343/,Junior software developer,Jobs,2023-06-21T00:59:52.711Z,,8-10 years of,,
https://www.linkedin.com/jobs/view/3631785898/,3631785898,ASRC Federal,Software Engineer - Junior,https://media.licdn.com/dms/image/C560BAQHxmVaAQgviLw/company-logo_100_100/0/1657031094176?e=1695254400&v=beta&t=zi0pSHG2OWK-vDX2tQb7V8gU84Mf4n6TuftBPGq5GLc,"Morrisville, NC",,,Actively recruiting,2023-06-16,false,false,0,https://www.linkedin.com/jobs/view/3631785898/,Junior software developer,Jobs,2023-06-21T00:59:52.711Z,,,  Salary ,
https://www.linkedin.com/jobs/view/3616511337/,3616511337,Maximus,Junior Software Developer,https://media.licdn.com/dms/image/D4E0BAQGKt6jHfc2R7w/company-logo_100_100/0/1683829081527?e=1695254400&v=beta&t=7ywW8qjQm1t1VQDhq5u_QjEn8AijLwmPsWEXOg94lU0,United States (Remote),United States,Remote,Actively recruiting,,false,true,0,https://www.linkedin.com/jobs/view/3616511337/,Junior software developer,Jobs,2023-06-21T00:59:52.711Z,true,,Annual salary is // applicant's salary history // exempt salary thresholds,"30,000 employees worldwide,"
https://www.linkedin.com/jobs/view/3625240595/,3625240595,Interapt,Junior Software Developer,https://media.licdn.com/dms/image/C560BAQEtlUoau2Xgmg/company-logo_100_100/0/1519907479480?e=1695254400&v=beta&t=rsf-OpVQAQWi8ee20oV6YiPT3fH148267-BPWNaJimY,"Rahway, NJ",,,,,true,true,0,https://www.linkedin.com/jobs/view/3625240595/,Junior software developer,Jobs,2023-06-21T00:59:52.711Z,,18 years of,"competitive salary, and",
https://www.linkedin.com/jobs/view/3629580240/,3629580240,Brooksource,Junior Software Engineer,https://media.licdn.com/dms/image/C4D0BAQEpBYagiK3vWA/company-logo_100_100/0/1519856551676?e=1695254400&v=beta&t=fU4taSo5Q9yVaYaa5igGpEz5d-tF3xqTjr4hIt0ccn0,"Washington, DC (Hybrid)","Washington, DC",Hybrid,1 school alum works here,,true,true,0,https://www.linkedin.com/jobs/view/3629580240/,Junior software developer,Jobs,2023-06-21T00:59:52.711Z,,0-2 years of,,
https://www.linkedin.com/jobs/view/3637366666/,3637366666,Scully Signal Company,Sr. Firmware Engineer - Embedded Systems,https://media.licdn.com/dms/image/C560BAQFS1RgUr-UjmQ/company-logo_100_100/0/1519856463102?e=1695254400&v=beta&t=eiOa_sDUadpsQpipOmZxsWCpkadlBpOihJdmOO3sglE,"Wilmington, MA (On-site)","Wilmington, MA",On-site,Actively recruiting,,true,true,0,https://www.linkedin.com/jobs/view/3637366666/,Junior software developer,Jobs,2023-06-21T00:59:52.711Z,,experience.8+ years of,competitive salary package,
https://www.linkedin.com/jobs/view/3634908145/,3634908145,DocuSign,"Software Engineer, Front End",https://media.licdn.com/dms/image/D560BAQEzqWHpZXeY9A/company-logo_100_100/0/1686680666975?e=1695254400&v=beta&t=UQQOAFp9RQSvBjDfEn7k6al4Kst0PvpMcFbiKwn8MvM,"Seattle, WA (Hybrid)","Seattle, WA",Hybrid,1 school alum works here,,false,true,0,https://www.linkedin.com/jobs/view/3634908145/,Junior software developer,Jobs,2023-06-21T00:59:52.711Z,,experience2+ years of,base salaryWashington: // base salaryThis,
https://www.linkedin.com/jobs/view/3632704013/,3632704013,County of Santa Clara,Associate Application Developer,https://media.licdn.com/dms/image/C4D0BAQGIXNGoJMjzzQ/company-logo_100_100/0/1519856034334?e=1695254400&v=beta&t=WWiI-kqJiP9vMuwp849nwUVzbKxO9EKOxCQLvHZ9Ix0,"San Jose, CA (On-site)","San Jose, CA",On-site,Actively recruiting,2023-06-13,false,false,0,https://www.linkedin.com/jobs/view/3632704013/,Junior software developer,Jobs,2023-06-21T00:59:52.711Z,,(2) years of,,
https://www.linkedin.com/jobs/view/3636341125/,3636341125,Night Market,Web Developer,https://media.licdn.com/dms/image/C560BAQESYyqs-s5TBg/company-logo_100_100/0/1583857897919?e=1695254400&v=beta&t=5FsPPkckc0_oyvo8H06UbEZ6Hed4fYdo-jVugiAE5sA,New York City Metropolitan Area (Hybrid),New York City Metropolitan Area,Hybrid,,,false,true,0,https://www.linkedin.com/jobs/view/3636341125/,Junior software developer,Jobs,2023-06-21T00:59:52.711Z,,Experience5+ years‚Äô experience // 6 years)ApexLightningHTMLCSSSass/LESS // 2 years)Agile/SCRUMTools // 5 years)Salesforce,"requirements.Salary Range$90,000.00 // base salary may",our employees feel
https://www.linkedin.com/jobs/view/3620812011/,3620812011,Perr&Knight,Junior Programmer,https://media.licdn.com/dms/image/D4E0BAQGTWZJGlJAt0A/company-logo_100_100/0/1686842366575?e=1695254400&v=beta&t=cn0SzVeMXkQdqrvIJDyWsVFhCX0BxitvGO-vpw4Udto,United States (Remote),United States,Remote,Actively recruiting,,false,true,0,https://www.linkedin.com/jobs/view/3620812011/,Junior software developer,Jobs,2023-06-21T00:59:52.711Z,true,,Table:Competitive salary including // plan(salary range:,our employees that
https://www.linkedin.com/jobs/view/3629378311/,3629378311,Lilt,Junior Localization Engineer,https://media.licdn.com/dms/image/C560BAQHoCdXwPhCIMg/company-logo_100_100/0/1678812411293?e=1695254400&v=beta&t=yFfyRBvewdSsM946F7hId7tMfsi-M5DLTZoimeaUlg0,Washington DC-Baltimore Area (Hybrid),Washington DC-Baltimore Area,Hybrid,Actively recruiting,,false,true,22,https://www.linkedin.com/jobs/view/3629378311/,Junior software developer,Jobs,2023-06-21T00:59:59.036Z,,2+ years of,environment.Benefits:Competitive salary and,
https://www.linkedin.com/jobs/view/3635242919/,3635242919,SMX,Junior Software Developer,https://media.licdn.com/dms/image/C4D0BAQE-0GomBd7OQA/company-logo_100_100/0/1638286760954?e=1695254400&v=beta&t=NhNsQ7bhekZhs3HiuxeQaZ4Iko2CNDGJmEv6U5MfmFU,"Honolulu, HI (Hybrid)","Honolulu, HI",Hybrid,Actively recruiting,,false,true,0,https://www.linkedin.com/jobs/view/3635242919/,Junior software developer,Jobs,2023-06-21T00:59:59.036Z,,discipline5+ years of,,
https://www.linkedin.com/jobs/view/3637371663/,3637371663,Meta,"Software Engineer, Front End-Reality Labs",https://media.licdn.com/dms/image/C4E0BAQFdNatYGiBelg/company-logo_100_100/0/1636138753911?e=1695254400&v=beta&t=PFDGXIEs8M_wNz9DivW7v-VciO_wmceTCTZgZcxDD7c,"Burlingame, CA",,,1 connection works here,,false,true,0,https://www.linkedin.com/jobs/view/3637371663/,Junior software developer,Jobs,2023-06-21T00:59:59.036Z,,5+ years of // 5+ years in,,and Employees by
https://www.linkedin.com/jobs/view/3627756299/,3627756299,Brooksource,Junior Software Developer,https://media.licdn.com/dms/image/C4D0BAQEpBYagiK3vWA/company-logo_100_100/0/1519856551676?e=1695254400&v=beta&t=fU4taSo5Q9yVaYaa5igGpEz5d-tF3xqTjr4hIt0ccn0,Washington DC-Baltimore Area (Hybrid),Washington DC-Baltimore Area,Hybrid,1 school alum works here,,true,true,0,https://www.linkedin.com/jobs/view/3627756299/,Junior software developer,Jobs,2023-06-21T00:59:59.036Z,,0-2 years of,,
https://www.linkedin.com/jobs/view/3640229322/,3640229322,Booz Allen Hamilton,"DevOps Engineer, Junior",https://media.licdn.com/dms/image/D560BAQHwvQGcypVCog/company-logo_100_100/0/1685617120915?e=1695254400&v=beta&t=IMA9O_0XgfIuXfmr33n8BOK17jswJXjDsdsMqot_Kjs,"Charleston, SC (Remote)","Charleston, SC",Remote,8 school alumni work here,2023-06-20,false,false,0,https://www.linkedin.com/jobs/view/3640229322/,Junior software developer,Jobs,2023-06-21T00:59:59.036Z,true,,page.Salary at // typical salary range,acknowledges employees for // part-time employees working
https://www.linkedin.com/jobs/view/3636941605/,3636941605,Accenture,Full Stack Engineer,https://media.licdn.com/dms/image/D4E0BAQHuuR34sthNNw/company-logo_100_100/0/1685630001515?e=1695254400&v=beta&t=cu0p6-0tCsS53Absoi5cOksnQE1Yygo6Xo2Xme89tOU,"Miami, FL",,,42 school alumni work here,,false,true,0,https://www.linkedin.com/jobs/view/3636941605/,Junior software developer,Jobs,2023-06-21T00:59:59.036Z,,DEAD LINK,DEAD LINK,DEAD LINK
https://www.linkedin.com/jobs/view/3637534428/,3637534428,Open Systems Technologies,Jr. Front-End JavaScript Developer,https://media.licdn.com/dms/image/C4D0BAQHdzu0CEs024A/company-logo_100_100/0/1627055724308?e=1695254400&v=beta&t=tkfS9pYDDt_PCtNcCSV8URXtmpPpSPglfw5KiIQktOA,"New York, NY (Hybrid)","New York, NY",Hybrid,Actively recruiting,,true,true,0,https://www.linkedin.com/jobs/view/3637534428/,Junior software developer,Jobs,2023-06-21T00:59:59.036Z,,DEAD LINK,DEAD LINK,DEAD LINK
https://www.linkedin.com/jobs/view/3632755643/,3632755643,eBay,Front End Engineer,https://media.licdn.com/dms/image/C560BAQFfGj-Xuawo6A/company-logo_100_100/0/1634568184091?e=1695254400&v=beta&t=BukY3tuV0SvdQwkrqVMrUCTSIUtHihAICDBeIenTXOs,"Portland, OR (Hybrid)","Portland, OR",Hybrid,1 connection works here,,false,true,0,https://www.linkedin.com/jobs/view/3632755643/,Junior software developer,Jobs,2023-06-21T00:59:59.036Z,,4+ years of // the years ahead // working years and,,
https://www.linkedin.com/jobs/view/3634423502/,3634423502,Abbott,Jr Fullstack Developer,https://media.licdn.com/dms/image/C560BAQGpGXPy6iJfsw/company-logo_100_100/0/1657315784872?e=1695254400&v=beta&t=729N7qp_i-uqfc44f3g64j6xUtDaNqjt7JD6Yt2Ae2U,"Waukegan, IL",,,Your profile matches this job,,false,true,0,https://www.linkedin.com/jobs/view/3634423502/,Junior software developer,Jobs,2023-06-21T00:59:59.036Z,,,  Salary ,
https://www.linkedin.com/jobs/view/3637725053/,3637725053,Maximus,Junior Software Developer,https://media.licdn.com/dms/image/D4E0BAQGKt6jHfc2R7w/company-logo_100_100/0/1683829081527?e=1695254400&v=beta&t=7ywW8qjQm1t1VQDhq5u_QjEn8AijLwmPsWEXOg94lU0,Greater Houston (Hybrid),Greater Houston,Hybrid,Actively recruiting,,false,true,0,https://www.linkedin.com/jobs/view/3637725053/,Junior software developer,Jobs,2023-06-21T00:59:59.036Z,,three years of // 0-3 years of,Annual salary is // applicant's salary history // exempt salary thresholds,"30,000 employees worldwide,"
https://www.linkedin.com/jobs/view/3641228001/,3641228001,Franklin Fitch,Software Support Engineer,https://media.licdn.com/dms/image/D4E0BAQGTOcFFWq0OuQ/company-logo_100_100/0/1685606909115?e=1695254400&v=beta&t=_e_m6QbwrSLmVWkg1tBzX5IrqFAPeIrFgh-kB2RNr4g,"Pittsburgh, PA (Hybrid)","Pittsburgh, PA",Hybrid,Actively recruiting,2023-06-20,true,false,0,https://www.linkedin.com/jobs/view/3641228001/,Junior software developer,Jobs,2023-06-21T00:59:59.036Z,,DEAD LINK,DEAD LINK,DEAD LINK
https://www.linkedin.com/jobs/view/3630574669/,3630574669,NBCUniversal,"Software Engineer, Javascript",https://media.licdn.com/dms/image/C4E0BAQHEm_Niw0amtw/company-logo_100_100/0/1519856410540?e=1695254400&v=beta&t=_WTs5khsuhohGUpg3aDOP_1T52BzvYwmSh6N1fKwbqY,"New York, NY (On-site)","New York, NY",On-site,Actively recruiting,,true,true,0,https://www.linkedin.com/jobs/view/3630574669/,Junior software developer,Jobs,2023-06-21T00:59:59.036Z,,DEAD LINK,DEAD LINK,DEAD LINK
https://www.linkedin.com/jobs/view/3632576035/,3632576035,ARA,Junior Software Engineer,https://media.licdn.com/dms/image/C4D0BAQGJaMmMeoNeEg/company-logo_100_100/0/1532632016348?e=1695254400&v=beta&t=ZVF_kGaBLUQrLZ2LK2hVPq2rjWYhpd3H6qgR4YY0B9M,"Orlando, FL",,,,,false,true,0,https://www.linkedin.com/jobs/view/3632576035/,Junior software developer,Jobs,2023-06-21T00:59:59.036Z,,DEAD LINK,DEAD LINK,DEAD LINK
https://www.linkedin.com/jobs/view/3630100883/,3630100883,Amazon Games,"Game Engineer, Amazon Games",https://media.licdn.com/dms/image/D560BAQFZLvpT9aPMUQ/company-logo_100_100/0/1685631954632?e=1695254400&v=beta&t=wW3F9_34Rk8k6uF-_buKRL0vTl_t3uO1OXoEziNA5LU,"San Diego, CA (Hybrid)","San Diego, CA",Hybrid,1 school alum works here,,false,true,0,https://www.linkedin.com/jobs/view/3630100883/,Junior software developer,Jobs,2023-06-21T00:59:59.037Z,,Qualifications3+ years of // experience2+ years of // language3+ years of // C++2+ years of // Qualifications3+ years of // equivalent4+ years of,,
https://www.linkedin.com/jobs/view/3637738249/,3637738249,Mindlance,Junior Java Developer,https://media.licdn.com/dms/image/D4E0BAQFDbuZzyt_0CA/company-logo_100_100/0/1685623787159?e=1695254400&v=beta&t=1o6OwggFL1Vz3_Uw2aTcz4uul8pis3HIe9dTnB07ksc,New York City Metropolitan Area (Hybrid),New York City Metropolitan Area,Hybrid,Actively recruiting,,true,true,0,https://www.linkedin.com/jobs/view/3637738249/,Junior software developer,Jobs,2023-06-21T00:59:59.037Z,,DEAD LINK,DEAD LINK,DEAD LINK
https://www.linkedin.com/jobs/view/3635062078/,3635062078,Atos,Intern - Software Engineer,https://media.licdn.com/dms/image/C4D0BAQEA-7akfn4FzA/company-logo_100_100/0/1638575002083?e=1695254400&v=beta&t=tX2vSxlGricqH4qO7z2Lcl9Acr3ClZmq8rh7bYRctT8,"Boca Raton, FL (On-site)","Boca Raton, FL",On-site,Actively recruiting,,false,true,0,https://www.linkedin.com/jobs/view/3635062078/,Junior software developer,Jobs,2023-06-21T00:59:59.037Z,,DEAD LINK,DEAD LINK,DEAD LINK
https://www.linkedin.com/jobs/view/3636937142/,3636937142,Cognosante,Junior Web Developer,https://media.licdn.com/dms/image/C4E0BAQHARwORi337IQ/company-logo_100_100/0/1613758601742?e=1695254400&v=beta&t=o8YF60bx28mzkU8bmluK8hcfX_98ivnN6bLwf8wftmo,"Falls Church, VA (On-site)","Falls Church, VA",On-site,,2023-06-15,false,false,0,https://www.linkedin.com/jobs/view/3636937142/,Junior software developer,Jobs,2023-06-21T00:59:59.037Z,,DEAD LINK,DEAD LINK,DEAD LINK
https://www.linkedin.com/jobs/view/3629718017/,3629718017,Epic Games,UI Programmer,https://media.licdn.com/dms/image/C4E0BAQEXIMAQALTuog/company-logo_100_100/0/1587575543237?e=1695254400&v=beta&t=bFShF0cnEu40emBvETiEzbDPj9dGcPNjmFEeeQIOjuQ,"Cary, NC (On-site)","Cary, NC",On-site,Actively recruiting,,false,true,0,https://www.linkedin.com/jobs/view/3629718017/,Junior software developer,Jobs,2023-06-21T00:59:59.037Z,,"7 years of // 25 years, we‚Äôve",,"for employees & dependents.Throughout // our employees with // 4,500+ employees globally."
https://www.linkedin.com/jobs/view/3634903659/,3634903659,DocuSign,"Software Engineer, Front End",https://media.licdn.com/dms/image/D560BAQEzqWHpZXeY9A/company-logo_100_100/0/1686680666975?e=1695254400&v=beta&t=UQQOAFp9RQSvBjDfEn7k6al4Kst0PvpMcFbiKwn8MvM,"San Francisco, CA (Hybrid)","San Francisco, CA",Hybrid,1 school alum works here,,false,true,0,https://www.linkedin.com/jobs/view/3634903659/,Junior software developer,Jobs,2023-06-21T00:59:59.037Z,,DEAD LINK,DEAD LINK,DEAD LINK
https://www.linkedin.com/jobs/view/3630315850/,3630315850,SLB,Front End Software Engineer,https://media.licdn.com/dms/image/D560BAQFwhnoORL25KA/company-logo_100_100/0/1666604495973?e=1695254400&v=beta&t=fHSz13DM6tAIz49SyXfwAOZPkUfSkxeeDjmm2zJRO5s,"Houston, TX",,,1 connection works here,,false,true,0,https://www.linkedin.com/jobs/view/3630315850/,Junior software developer,Jobs,2023-06-21T00:59:59.037Z,,,,
https://www.linkedin.com/jobs/view/3634743958/,3634743958,Sumitomo Mitsui Banking Corporation,Software Developer - Intern,https://media.licdn.com/dms/image/D560BAQEOmlxgjftt4w/company-logo_100_100/0/1685568819443?e=1695254400&v=beta&t=o_TVp1D0GJlvW92ORNf03_MXsIFNc8BHUDC4D-RixHU,"New York, NY (Hybrid)","New York, NY",Hybrid,Actively recruiting,,false,true,0,https://www.linkedin.com/jobs/view/3634743958/,Junior software developer,Jobs,2023-06-21T00:59:59.037Z,,,,
https://www.linkedin.com/jobs/view/3628895942/,3628895942,CSC,Software Engineer Intern (Fall),https://media.licdn.com/dms/image/C4E0BAQECbCvL393IOw/company-logo_100_100/0/1575301102986?e=1695254400&v=beta&t=pGFV4e9cmCUJwdse9evPnqZLr0e8Bm9QR-orcg3y8mQ,Greater Chicago Area (Remote),Greater Chicago Area,Remote,1 school alum works here,,false,true,0,https://www.linkedin.com/jobs/view/3628895942/,Junior software developer,Jobs,2023-06-21T00:59:59.037Z,true,,,
https://www.linkedin.com/jobs/view/3641084342/,3641084342,Qualcomm,Compiler Developer - multiple levels (remote friendly),https://media.licdn.com/dms/image/C560BAQHHmRgEadFrdA/company-logo_100_100/0/1611250856145?e=1695254400&v=beta&t=Dm2-_9thUdYC9_WVaY5dH87fNgMgx9YLjnAc7kd1j7I,"New York, NY (Remote)","New York, NY",Remote,16 school alumni work here,2023-06-20,false,false,0,https://www.linkedin.com/jobs/view/3641084342/,Junior software developer,Jobs,2023-06-21T00:59:59.037Z,true,DEAD LINK,DEAD LINK,DEAD LINK
https://www.linkedin.com/jobs/view/3637395582/,3637395582,3i People,Frontend Developer,https://media.licdn.com/dms/image/C4D0BAQEwaL21XWnvLA/company-logo_100_100/0/1612117428173?e=1695254400&v=beta&t=Rhgv1BgW2h10rWMA7nQks2hcI5f6RtWLhkH5G7hQpzU,"Dallas, TX (Remote)","Dallas, TX",Remote,Actively recruiting,,true,true,0,https://www.linkedin.com/jobs/view/3637395582/,Junior software developer,Jobs,2023-06-21T00:59:59.037Z,true,DEAD LINK,DEAD LINK,DEAD LINK
https://www.linkedin.com/jobs/view/3630691802/,3630691802,SynergisticIT,Junior Software Engineer,https://media.licdn.com/dms/image/C560BAQHPrA2XO9lh7g/company-logo_100_100/0/1663564885131?e=1695254400&v=beta&t=UPEbca_EhKaYHRZ9gsf-j9p6q7RKWM2g5jsfTNcTQkM,United States (Remote),United States,Remote,,,false,true,0,https://www.linkedin.com/jobs/view/3630691802/,Junior software developer,Jobs,2023-06-21T00:59:59.037Z,true,,,
https://www.linkedin.com/jobs/view/3630106277/,3630106277,VOLT AI,Software Engineer in Test,https://media.licdn.com/dms/image/C560BAQFDFGO9gLdyiQ/company-logo_100_100/0/1678143512623?e=1695254400&v=beta&t=RgdiEm9MQDE_u17tcNbJNkhE-F3FjfMyLGZyJDXbBWw,"Bethesda, MD (On-site)","Bethesda, MD",On-site,Actively recruiting,,true,true,0,https://www.linkedin.com/jobs/view/3630106277/,Junior software developer,Jobs,2023-06-21T01:00:05.737Z,,DEAD LINK,DEAD LINK,DEAD LINK
https://www.linkedin.com/jobs/view/3630293528/,3630293528,eBay,"Software Engineer, Core SEO",https://media.licdn.com/dms/image/C560BAQFfGj-Xuawo6A/company-logo_100_100/0/1634568184091?e=1695254400&v=beta&t=BukY3tuV0SvdQwkrqVMrUCTSIUtHihAICDBeIenTXOs,"San Jose, CA (Hybrid)","San Jose, CA",Hybrid,1 connection works here,,false,true,0,https://www.linkedin.com/jobs/view/3630293528/,Junior software developer,Jobs,2023-06-21T01:00:05.738Z,,DEAD LINK,DEAD LINK,DEAD LINK
https://www.linkedin.com/jobs/view/3608180777/,3608180777,Brooksource,Junior Software Engineer,https://media.licdn.com/dms/image/C4D0BAQEpBYagiK3vWA/company-logo_100_100/0/1519856551676?e=1695254400&v=beta&t=fU4taSo5Q9yVaYaa5igGpEz5d-tF3xqTjr4hIt0ccn0,"Columbus, Ohio Metropolitan Area (Hybrid)","Columbus, Ohio Metropolitan Area",Hybrid,1 school alum works here,,true,true,0,https://www.linkedin.com/jobs/view/3608180777/,Junior software developer,Jobs,2023-06-21T01:00:05.738Z,,DEAD LINK,DEAD LINK,DEAD LINK
https://www.linkedin.com/jobs/view/3632706775/,3632706775,Moody's Corporation,Front End Developer,https://media.licdn.com/dms/image/D4E0BAQFkTcqpecVUpw/company-logo_100_100/0/1686058219803?e=1695254400&v=beta&t=bqR3Cj-bdssBgkN908ADr0R5BRtHNv9XDCNj4KxXiZk,"Charlotte, NC (On-site)","Charlotte, NC",On-site,Actively recruiting,,false,true,0,https://www.linkedin.com/jobs/view/3632706775/,Junior software developer,Jobs,2023-06-21T01:00:05.738Z,,DEAD LINK,DEAD LINK,DEAD LINK
https://www.linkedin.com/jobs/view/3640208464/,3640208464,OpenAI,"Software Engineer, Backend Infra",https://media.licdn.com/dms/image/C4E0BAQG0lRhNgYJCXw/company-logo_100_100/0/1678382029586?e=1695254400&v=beta&t=1Xu2uBPX2a6EAdCS0AcuYeX-5Dc5acd0lS1PPM28wVg,"San Francisco, CA",,,2 school alumni work here,2023-06-20,false,false,0,https://www.linkedin.com/jobs/view/3640208464/,Junior software developer,Jobs,2023-06-21T01:00:05.738Z,,DEAD LINK,DEAD LINK,DEAD LINK
https://www.linkedin.com/jobs/view/3635828378/,3635828378,Discover Financial Services,Application Engineer (Full Stack),https://media.licdn.com/dms/image/C560BAQEsP5_Oy6THpA/company-logo_100_100/0/1519856330098?e=1695254400&v=beta&t=R-IuGrU2XvFTcjziyiMdmOE8yCxfBMiNwlY_-eSSMiA,"Chicago, IL (On-site)","Chicago, IL",On-site,3 school alumni work here,,false,true,0,https://www.linkedin.com/jobs/view/3635828378/,Junior software developer,Jobs,2023-06-21T01:00:05.738Z,,related3+ Years ‚Äì,,Discover employees place
https://www.linkedin.com/jobs/view/3639239848/,3639239848,Sandhills Global,Software Development Intern,https://media.licdn.com/dms/image/C560BAQG6iMYa4dTBqw/company-logo_100_100/0/1555424638794?e=1695254400&v=beta&t=rfbBWQxwd34Pi_fsfigVXSKLwFq3xERkkSQEbO8hv4o,"Lincoln, NE (On-site)","Lincoln, NE",On-site,Actively recruiting,,false,true,0,https://www.linkedin.com/jobs/view/3639239848/,Junior software developer,Jobs,2023-06-21T01:00:05.738Z,,DEAD LINK,DEAD LINK,DEAD LINK
https://www.linkedin.com/jobs/view/3636533431/,3636533431,Copart,Software Engineering Intern,https://media.licdn.com/dms/image/C4E0BAQFf9L64EHKHGw/company-logo_100_100/0/1659536108176?e=1695254400&v=beta&t=vOdnlmg06UZH7czvlCFLfvtqr87-VriuXlQdxHAwiFg,"Dallas, TX",,,Actively recruiting,,false,true,0,https://www.linkedin.com/jobs/view/3636533431/,Junior software developer,Jobs,2023-06-21T01:00:05.738Z,,DEAD LINK,DEAD LINK,DEAD LINK
https://www.linkedin.com/jobs/view/3626573336/,3626573336,Vaco,Jr Software Engineer,https://media.licdn.com/dms/image/D4E0BAQGB2ByB7M1pug/company-logo_100_100/0/1685734683121?e=1695254400&v=beta&t=CWGJ5cd5nbpXzX93vY7h-ttiuolxypXjkZL1TxdAUgk,"Franklin, TN",,,Actively recruiting,,true,true,0,https://www.linkedin.com/jobs/view/3626573336/,Junior software developer,Jobs,2023-06-21T01:00:05.738Z,,DEAD LINK,DEAD LINK,DEAD LINK
https://www.linkedin.com/jobs/view/3630830276/,3630830276,HealthStream,Software Developer,https://media.licdn.com/dms/image/C560BAQEOr5MYISJU-w/company-logo_100_100/0/1657567411762?e=1695254400&v=beta&t=kX4MJ2GA60FIEFFrEW4EkNQtOdBo2IGhFXCEbKYrFC8,"Nashville, TN",,,,,false,true,0,https://www.linkedin.com/jobs/view/3630830276/,Junior software developer,Jobs,2023-06-21T01:00:05.738Z,,"30+ years, our // 30 years, we // 1-2 years of // 1-2 years of",,
https://www.linkedin.com/jobs/view/3640880777/,3640880777,Talentify.io,Junior Software Engineer (Remote) ($85000.00 - $120000.00 / year),https://media.licdn.com/dms/image/C4D0BAQHZyXiyJDJNtQ/company-logo_100_100/0/1547050682016?e=1695254400&v=beta&t=je7aNeA2gswVgkyDr_ux_KaDIh1MWVPn-JoNx5rSAyc,United States (Remote),United States,Remote,Actively recruiting,2023-06-20,false,false,0,https://www.linkedin.com/jobs/view/3640880777/,Junior software developer,Jobs,2023-06-21T01:00:05.738Z,true,DEAD LINK,DEAD LINK,DEAD LINK
https://www.linkedin.com/jobs/view/3632747330/,3632747330,Incedo Inc.,Web Developer,https://media.licdn.com/dms/image/C4D0BAQEzqnAdsML8AQ/company-logo_100_100/0/1656661705726?e=1695254400&v=beta&t=ooGDoU20d1shgpG2dfp2NC55QETOHP3qACIZtIFa2Pc,United States (Remote),United States,Remote,Actively recruiting,,true,true,0,https://www.linkedin.com/jobs/view/3632747330/,Junior software developer,Jobs,2023-06-21T01:00:05.738Z,true,DEAD LINK,DEAD LINK,DEAD LINK
https://www.linkedin.com/jobs/view/3635575652/,3635575652,Diversified.,Associate Programmer - Virtual,https://media.licdn.com/dms/image/C4D0BAQFTXv2wNZUwjw/company-logo_100_100/0/1523551593599?e=1695254400&v=beta&t=z3w868heRYaS9IDv_5QYgZnFU8F3FpLducL05nculx0,"San Francisco, CA",,,Actively recruiting,,false,true,16,https://www.linkedin.com/jobs/view/3635575652/,Junior software developer,Jobs,2023-06-21T01:00:05.738Z,,DEAD LINK,DEAD LINK,DEAD LINK
https://www.linkedin.com/jobs/view/3634664796/,3634664796,Schr√∂dinger,"Systems Engineer, Digital Workspace",https://media.licdn.com/dms/image/C560BAQF0popc4i-92Q/company-logo_100_100/0/1656681024103?e=1695254400&v=beta&t=DaUci3KSfwhfmfqilqvnrYOwTdHoou77OdwgGdyO_lU,"New York, United States (On-site)","New York, United States",On-site,,,false,true,0,https://www.linkedin.com/jobs/view/3634664796/,Junior software developer,Jobs,2023-06-21T01:00:05.738Z,,DEAD LINK,DEAD LINK,DEAD LINK
https://www.linkedin.com/jobs/view/3635244646/,3635244646,SMX,Junior Software Developer,https://media.licdn.com/dms/image/C4D0BAQE-0GomBd7OQA/company-logo_100_100/0/1638286760954?e=1695254400&v=beta&t=NhNsQ7bhekZhs3HiuxeQaZ4Iko2CNDGJmEv6U5MfmFU,"Washington, DC (Hybrid)","Washington, DC",Hybrid,Actively recruiting,,false,true,0,https://www.linkedin.com/jobs/view/3635244646/,Junior software developer,Jobs,2023-06-21T01:00:05.738Z,,DEAD LINK,DEAD LINK,DEAD LINK
https://www.linkedin.com/jobs/view/3637540163/,3637540163,Open Systems Technologies,Jr. Front-End JavaScript Developer,https://media.licdn.com/dms/image/C4D0BAQHdzu0CEs024A/company-logo_100_100/0/1627055724308?e=1695254400&v=beta&t=tkfS9pYDDt_PCtNcCSV8URXtmpPpSPglfw5KiIQktOA,"Buffalo, NY (Hybrid)","Buffalo, NY",Hybrid,Actively recruiting,,true,true,0,https://www.linkedin.com/jobs/view/3637540163/,Junior software developer,Jobs,2023-06-21T01:00:05.738Z,,DEAD LINK,DEAD LINK,DEAD LINK
https://www.linkedin.com/jobs/view/3634728150/,3634728150,CACI International Inc,Front End Web Application Jr Software Engineer,https://media.licdn.com/dms/image/C4E0BAQG7gAj_BVld5Q/company-logo_100_100/0/1647546910712?e=1695254400&v=beta&t=N2zvf9xxG1om68xzBpDll14_715LX5bovrxZ5pHLh7o,"Sterling, VA (On-site)","Sterling, VA",On-site,1 school alum works here,2023-06-15,false,false,0,https://www.linkedin.com/jobs/view/3634728150/,Junior software developer,Jobs,2023-06-21T01:00:05.738Z,,"60 years, the","base salary!The // base salary (up // base salary and // proposed salary range // final salary including,",Our employees value // Our employees value // protect employees and
https://www.linkedin.com/jobs/view/3634188438/,3634188438,Verve Industrial Protection,Software Support Engineer,https://media.licdn.com/dms/image/C4D0BAQHpp2aojgayNw/company-logo_100_100/0/1592583244537?e=1695254400&v=beta&t=ABvCTUo_uVtKMV86cA2YjBJz-rAgZq0qcPFAVv4r0j0,"Madison, WI (Hybrid)","Madison, WI",Hybrid,Actively recruiting,,true,true,0,https://www.linkedin.com/jobs/view/3634188438/,Junior software developer,Jobs,2023-06-21T01:00:05.738Z,,DEAD LINK,DEAD LINK,DEAD LINK
https://www.linkedin.com/jobs/view/3636860589/,3636860589,Ocado Engineering,Jr. Software Engineer,https://media.licdn.com/dms/image/D4E0BAQH5t8c-k2p--A/company-logo_100_100/0/1663690660392?e=1695254400&v=beta&t=9ezMcbbtkrEnRdG_Ny_0-HI4SZGM-OdbiUQgPwzcvIk,"Las Vegas, NV (Hybrid)","Las Vegas, NV",Hybrid,,,false,true,0,https://www.linkedin.com/jobs/view/3636860589/,Junior software developer,Jobs,2023-06-21T01:00:05.739Z,,DEAD LINK,DEAD LINK,DEAD LINK
https://www.linkedin.com/jobs/view/3636843609/,3636843609,DocuSign,"Software Engineer, Front End",https://media.licdn.com/dms/image/D560BAQEzqWHpZXeY9A/company-logo_100_100/0/1686680666975?e=1695254400&v=beta&t=UQQOAFp9RQSvBjDfEn7k6al4Kst0PvpMcFbiKwn8MvM,"Seattle, WA (Hybrid)","Seattle, WA",Hybrid,1 school alum works here,,false,true,0,https://www.linkedin.com/jobs/view/3636843609/,Junior software developer,Jobs,2023-06-21T01:00:05.739Z,,experience2+ years of,base salaryWashington // base salaryThis,
https://www.linkedin.com/jobs/view/3634925578/,3634925578,Leidos,JAVA Software Developer ‚Äì Junior Level,https://media.licdn.com/dms/image/C4E0BAQGjjjpPq4MEhA/company-logo_100_100/0/1656675105155?e=1695254400&v=beta&t=oBm-4Vt-YNDdjUE97GoUyjRD5dums0lGalcJdUgJlBU,United States (Remote),United States,Remote,5 school alumni work here,,false,true,0,https://www.linkedin.com/jobs/view/3634925578/,Junior software developer,Jobs,2023-06-21T01:00:05.739Z,true,,  Salary ,
https://www.linkedin.com/jobs/view/3631379093/,3631379093,IBM,Front End Developer - The Weather Company,https://media.licdn.com/dms/image/D560BAQFLP1X4hP2weg/company-logo_100_100/0/1686250330457?e=1695254400&v=beta&t=-wkZJXkSS3FyAp6GXzm5ve_YNJfzRm_A7AgV8rJi3NY,"New York, NY",,,30 school alumni work here,,false,true,0,https://www.linkedin.com/jobs/view/3631379093/,Junior software developer,Jobs,2023-06-21T01:00:05.739Z,,DEAD LINK,DEAD LINK,DEAD LINK
https://www.linkedin.com/jobs/view/3637721987/,3637721987,Qualia,Software Engineer I,https://media.licdn.com/dms/image/C560BAQH_cCeFBnP8Jg/company-logo_100_100/0/1519903278458?e=1695254400&v=beta&t=EuHhHwZM2jakuvKveUG9C_XNKolfET8YDNB3DzPXUMM,"San Francisco, CA (On-site)","San Francisco, CA",On-site,,2023-06-15,true,false,0,https://www.linkedin.com/jobs/view/3637721987/,Junior software developer,Jobs,2023-06-21T01:00:05.739Z,,DEAD LINK,DEAD LINK,DEAD LINK
https://www.linkedin.com/jobs/view/3631721179/,3631721179,Apple,"Software Engineer (Frontend Stack), Employee Experience & Productivity",https://media.licdn.com/dms/image/C560BAQHdAaarsO-eyA/company-logo_100_100/0/1595530301220?e=1695254400&v=beta&t=9BPBu5pWIqH9pnybzdy1sadGQkLRhaf-wQ7Sh_wl7hU,"Austin, TX",,,2 connections work here,,false,true,0,https://www.linkedin.com/jobs/view/3631721179/,Junior software developer,Jobs,2023-06-21T01:00:05.739Z,,,  Salary ,
https://www.linkedin.com/jobs/view/3632706137/,3632706137,"TherapyNotes, LLC",Software Developer,https://media.licdn.com/dms/image/C560BAQHk534swhxYxA/company-logo_100_100/0/1519885833016?e=1695254400&v=beta&t=5N4xHoVO_EH2dDLe_vKTx93akQt6rYfhSD3AmCqL14c,"Philadelphia, PA (Remote)","Philadelphia, PA",Remote,Actively recruiting,,true,true,0,https://www.linkedin.com/jobs/view/3632706137/,Junior software developer,Jobs,2023-06-21T01:00:05.739Z,true,,love.BenefitsCompetitive salary -,
https://www.linkedin.com/jobs/view/3637371591/,3637371591,Meta,Software Engineer - Gameplay (Technical Leadership),https://media.licdn.com/dms/image/C4E0BAQFdNatYGiBelg/company-logo_100_100/0/1636138753911?e=1695254400&v=beta&t=PFDGXIEs8M_wNz9DivW7v-VciO_wmceTCTZgZcxDD7c,"New York, NY",,,1 connection works here,,false,true,5,https://www.linkedin.com/jobs/view/3637371591/,Junior software developer,Jobs,2023-06-21T01:00:11.751Z,,DEAD LINK,DEAD LINK,DEAD LINK
